"","Score","Scorer","Time","Session","Sex","Age","PersBase","PersCut","PersSut","CutFinal","SuturFinal"
"1",13,1,"20:00",1,"Male",22,0.00665744490104166,0.0066414655261887,0.0070718845284046,-1.59793748529605e-05,0.000414439627362946
"2",15,1,"20:00",1,"Male",23,0.0135702449326218,0.00764856297268488,0.00793605442331004,-0.00592168195993696,-0.0056341905093118
"3",18,1,"20:00",1,"Male",23,0.00704019340307122,0.00525226500854657,0.00553802260093174,-0.00178792839452465,-0.00150217080213948
"4",12,1,"20:00",1,"Male",23,0.00686174060867958,0.00701775239456986,0.00785235768864998,0.000156011785890285,0.000990617079970401
"5",22,1,"20:00",1,"Male",25,0.00763951424887054,0.00594359108523681,0.00755328779180717,-0.00169592316363374,-8.62264570633698e-05
"6",9,1,"20:00",1,"Male",22,0.0056551159201541,NA,NA,NA,NA
"7",10,1,"20:00",1,"Male",24,0.00762653706074221,0.00662001929649238,0.0072384013255072,-0.00100651776424983,-0.000388135735235016
"8",14,1,"20:00",1,"Male",22,0.00755480758545151,0.00618257953556912,0.00699007877257236,-0.00137222804988239,-0.00056472881287915
"9",11,1,"20:00",1,"Male",23,0.00764725718358287,0.00774674326485079,0.00829500454192847,9.94860812679179e-05,0.000647747358345596
"10",13,1,"20:00",1,"Male",22,0.00617718260624288,0.00651419371417684,0.00655793977520076,0.000337011107933965,0.000380757168957882
"11",12,1,"20:00",1,"Female",23,NA,NA,NA,NA,NA
"12",13,1,"20:00",1,"Female",22,0.00618751978733782,0.00695786592138606,0.0071207222058969,0.000770346134048241,0.000933202418559084
"13",16,1,"20:00",1,"Female",26,0.00762183358702741,0.00935195897706789,0.011385123200983,0.00173012539004048,0.00376328961395559
"14",21,1,"19:15",1,"Female",25,0.00880881700743211,0.00626720911690291,0.00626996027125724,-0.00254160789052921,-0.00253885673617487
"15",15,1,"20:00",1,"Female",22,0.0070293657315276,0.00639046047002422,0.0066623533756883,-0.000638905261503378,-0.000367012355839296
"16",15,2,"20:00",1,"Male",22,0.00665744490104166,0.0066414655261887,0.0070718845284046,-1.59793748529605e-05,0.000414439627362946
"17",17,2,"20:00",1,"Male",23,0.0135702449326218,0.00764856297268488,0.00793605442331004,-0.00592168195993696,-0.0056341905093118
"18",17,2,"20:00",1,"Male",23,0.00704019340307122,0.00525226500854657,0.00553802260093174,-0.00178792839452465,-0.00150217080213948
"19",11,2,"20:00",1,"Male",23,0.00686174060867958,0.00701775239456986,0.00785235768864998,0.000156011785890285,0.000990617079970401
"20",23,2,"20:00",1,"Male",25,0.00763951424887054,0.00594359108523681,0.00755328779180717,-0.00169592316363374,-8.62264570633698e-05
"21",10,2,"20:00",1,"Male",22,0.0056551159201541,NA,NA,NA,NA
"22",13,2,"20:00",1,"Male",24,0.00762653706074221,0.00662001929649238,0.0072384013255072,-0.00100651776424983,-0.000388135735235016
"23",17,2,"20:00",1,"Male",22,0.00755480758545151,0.00618257953556912,0.00699007877257236,-0.00137222804988239,-0.00056472881287915
"24",10,2,"20:00",1,"Male",23,0.00764725718358287,0.00774674326485079,0.00829500454192847,9.94860812679179e-05,0.000647747358345596
"25",15,2,"20:00",1,"Male",22,0.00617718260624288,0.00651419371417684,0.00655793977520076,0.000337011107933965,0.000380757168957882
"26",16,2,"20:00",1,"Female",23,NA,NA,NA,NA,NA
"27",17,2,"20:00",1,"Female",22,0.00618751978733782,0.00695786592138606,0.0071207222058969,0.000770346134048241,0.000933202418559084
"28",12,2,"20:00",1,"Female",26,0.00762183358702741,0.00935195897706789,0.011385123200983,0.00173012539004048,0.00376328961395559
"29",20,2,"19:15",1,"Female",25,0.00880881700743211,0.00626720911690291,0.00626996027125724,-0.00254160789052921,-0.00253885673617487
"30",15,2,"20:00",1,"Female",22,0.0070293657315276,0.00639046047002422,0.0066623533756883,-0.000638905261503378,-0.000367012355839296
"31",15,1,"20:00",2,"Male",22,0.00865211812952418,0.00979928551253378,0.0095106585375058,0.00114716738300959,0.000858540407981617
"32",16,1,"20:00",2,"Male",23,0.0126022660033297,0.00654650009943282,0.00776206334471474,-0.00605576590389683,-0.00484020265861492
"33",20,1,"20:00",2,"Male",23,0.00611895778022799,0.00943919293332482,NA,0.00332023515309683,NA
"34",18,1,"20:00",2,"Male",23,0.0061942555633028,0.00680965808270975,0.00625377629701794,0.000615402519406952,5.95207337151403e-05
"35",25,1,"16:25",2,"Male",25,0.00468026442953054,0.00524821706992524,0.00467578526477115,0.000567952640394697,-4.47916475939357e-06
"36",21,1,"20:00",2,"Male",22,0.00855711678087074,0.00604693008514389,0.00645820770214893,-0.00251018669572685,-0.00209890907872181
"37",12,1,"20:00",2,"Male",24,0.00668965572082166,NA,0.00745162600322614,NA,0.000761970282404482
"38",17,1,"20:00",2,"Male",22,0.00802784441788201,0.00617384053765929,0.00666941229216748,-0.00185400388022271,-0.00135843212571452
"39",15,1,"20:00",2,"Male",23,0.00626830778965419,0.00753167476076492,0.0068495099442372,0.00126336697111072,0.000581202154583005
"40",16,1,"20:00",2,"Male",22,0.00609906837794052,0.00574180914891238,0.00632729416649859,-0.000357259229028135,0.000228225788558077
"41",22,1,"17:50",2,"Female",23,0.00696477520775611,0.00767348925744736,0.0063507641866729,0.000708714049691245,-0.000614011021083215
"42",17,1,"20:00",2,"Female",22,0.00950609028924422,0.00928989452949413,0.00834706395186241,-0.000216195759750088,-0.00115902633738181
"43",23,1,"19:55",2,"Female",26,0.00656997883197558,0.0087667711420479,0.00951032747860542,0.00219679231007232,0.00294034864662983
"44",22,1,"19:50",2,"Female",25,0.00900159465723241,0.00747263333089724,0.00713620375009884,-0.00152896132633516,-0.00186539090713357
"45",24,1,"18:05",2,"Female",22,0.00480078955497905,0.00489328070461873,0.0054140304660829,9.24911496396749e-05,0.000613240911103844
"46",13,2,"20:00",2,"Male",22,0.00865211812952418,0.00979928551253378,0.0095106585375058,0.00114716738300959,0.000858540407981617
"47",19,2,"20:00",2,"Male",23,0.0126022660033297,0.00654650009943282,0.00776206334471474,-0.00605576590389683,-0.00484020265861492
"48",22,2,"20:00",2,"Male",23,0.00611895778022799,0.00943919293332482,NA,0.00332023515309683,NA
"49",17,2,"20:00",2,"Male",23,0.0061942555633028,0.00680965808270975,0.00625377629701794,0.000615402519406952,5.95207337151403e-05
"50",25,2,"16:25",2,"Male",25,0.00468026442953054,0.00524821706992524,0.00467578526477115,0.000567952640394697,-4.47916475939357e-06
"51",20,2,"20:00",2,"Male",22,0.00855711678087074,0.00604693008514389,0.00645820770214893,-0.00251018669572685,-0.00209890907872181
"52",14,2,"20:00",2,"Male",24,0.00668965572082166,NA,0.00745162600322614,NA,0.000761970282404482
"53",21,2,"20:00",2,"Male",22,0.00802784441788201,0.00617384053765929,0.00666941229216748,-0.00185400388022271,-0.00135843212571452
"54",16,2,"20:00",2,"Male",23,0.00626830778965419,0.00753167476076492,0.0068495099442372,0.00126336697111072,0.000581202154583005
"55",15,2,"20:00",2,"Male",22,0.00609906837794052,0.00574180914891238,0.00632729416649859,-0.000357259229028135,0.000228225788558077
"56",24,2,"17:50",2,"Female",23,0.00696477520775611,0.00767348925744736,0.0063507641866729,0.000708714049691245,-0.000614011021083215
"57",19,2,"20:00",2,"Female",22,0.00950609028924422,0.00928989452949413,0.00834706395186241,-0.000216195759750088,-0.00115902633738181
"58",22,2,"19:55",2,"Female",26,0.00656997883197558,0.0087667711420479,0.00951032747860542,0.00219679231007232,0.00294034864662983
"59",22,2,"19:50",2,"Female",25,0.00900159465723241,0.00747263333089724,0.00713620375009884,-0.00152896132633516,-0.00186539090713357
"60",25,2,"18:05",2,"Female",22,0.00480078955497905,0.00489328070461873,0.0054140304660829,9.24911496396749e-05,0.000613240911103844
"61",16,1,"20:00",3,"Male",22,0.00783281864654515,0.00697383724948338,0.00801878792278548,-0.000858981397061764,0.000185969276240337
"62",16,1,"20:00",3,"Male",23,0.00728423397680454,0.00834257322198404,0.00755664677448097,0.00105833924517951,0.000272412797676434
"63",25,1,"15:05",3,"Male",23,0.00674298404117077,0.00682919319208619,0.00791955660049745,8.62091509154193e-05,0.00117657255932668
"64",19,1,"20:00",3,"Male",23,0.00788506135612793,0.00800347731901556,0.00659515281584119,0.000118415962887624,-0.00128990854028674
"65",27,1,"16:20",3,"Male",25,0.00573306913373097,0.00646017434786835,0.0219233125059323,0.000727105214137374,0.0161902433722013
"66",22,1,"20:00",3,"Male",22,0.00772888995658864,0.00556115132487743,0.00685743157798886,-0.00216773863171121,-0.000871458378599777
"67",13,1,"20:00",3,"Male",24,0.00688370620600058,0.00819684604215284,0.00755862357801948,0.00131313983615226,0.000674917372018897
"68",18,1,"19:59",3,"Male",22,0.00900002576055586,0.0117467382865487,0.0106323430203588,0.00274671252599287,0.00163231725980294
"69",18,1,"20:00",3,"Male",23,0.00628028670635964,0.0085612390507972,0.00862097441816757,0.00228095234443755,0.00234068771180792
"70",19,1,"20:00",3,"Male",22,0.00506222791795449,0.00509227061070002,0.00467921667987967,3.00426927455216e-05,-0.000383011238074821
"71",23,1,"14:30",3,"Female",23,0.0075260137125517,0.0080391982103805,0.00665643963875876,0.000513184497828801,-0.000869574073792945
"72",18,1,"20:00",3,"Female",22,0.00858469538540137,0.00801628661780541,0.0105415920236716,-0.000568408767595958,0.00195689663827024
"73",23,1,"19:15",3,"Female",26,0.00697481624541772,0.00823999931771006,0.00809380675385535,0.00126518307229234,0.00111899050843763
"74",24,1,"18:10",3,"Female",25,0.00697523970671857,0.00802571920193528,0.00850208739959714,0.00105047949521672,0.00152684769287857
"75",23,1,"19:45",3,"Female",22,0.00529856232135774,0.00586251188624239,0.00581115556348258,0.000563949564884651,0.000512593242124844
"76",17,2,"20:00",3,"Male",22,0.00783281864654515,0.00697383724948338,0.00801878792278548,-0.000858981397061764,0.000185969276240337
"77",14,2,"20:00",3,"Male",23,0.00728423397680454,0.00834257322198404,0.00755664677448097,0.00105833924517951,0.000272412797676434
"78",23,2,"15:05",3,"Male",23,0.00674298404117077,0.00682919319208619,0.00791955660049745,8.62091509154193e-05,0.00117657255932668
"79",22,2,"20:00",3,"Male",23,0.00788506135612793,0.00800347731901556,0.00659515281584119,0.000118415962887624,-0.00128990854028674
"80",24,2,"16:20",3,"Male",25,0.00573306913373097,0.00646017434786835,0.0219233125059323,0.000727105214137374,0.0161902433722013
"81",26,2,"20:00",3,"Male",22,0.00772888995658864,0.00556115132487743,0.00685743157798886,-0.00216773863171121,-0.000871458378599777
"82",18,2,"20:00",3,"Male",24,0.00688370620600058,0.00819684604215284,0.00755862357801948,0.00131313983615226,0.000674917372018897
"83",23,2,"19:59",3,"Male",22,0.00900002576055586,0.0117467382865487,0.0106323430203588,0.00274671252599287,0.00163231725980294
"84",20,2,"20:00",3,"Male",23,0.00628028670635964,0.0085612390507972,0.00862097441816757,0.00228095234443755,0.00234068771180792
"85",19,2,"20:00",3,"Male",22,0.00506222791795449,0.00509227061070002,0.00467921667987967,3.00426927455216e-05,-0.000383011238074821
"86",27,2,"14:30",3,"Female",23,0.0075260137125517,0.0080391982103805,0.00665643963875876,0.000513184497828801,-0.000869574073792945
"87",16,2,"20:00",3,"Female",22,0.00858469538540137,0.00801628661780541,0.0105415920236716,-0.000568408767595958,0.00195689663827024
"88",26,2,"19:15",3,"Female",26,0.00697481624541772,0.00823999931771006,0.00809380675385535,0.00126518307229234,0.00111899050843763
"89",22,2,"18:10",3,"Female",25,0.00697523970671857,0.00802571920193528,0.00850208739959714,0.00105047949521672,0.00152684769287857
"90",25,2,"19:45",3,"Female",22,0.00529856232135774,0.00586251188624239,0.00581115556348258,0.000563949564884651,0.000512593242124844
"91",17,1,"20:00",4,"Male",22,NA,NA,0.00745958510933227,NA,NA
"92",19,1,"20:00",4,"Male",23,0.00647996583216498,0.00654713248972916,0.00578380230353384,6.71666575641841e-05,-0.00069616352863114
"93",24,1,"15:25",4,"Male",23,0.00627218743652554,0.00925930605849471,0.00879820231589308,0.00298711862196917,0.00252601487936754
"94",22,1,"17:30",4,"Male",23,0.00741542667031174,0.00750699153756055,0.00765651420048086,9.15648672488124e-05,0.000241087530169115
"95",29,1,"12:10",4,"Male",25,0.00902524107173353,0.00682033556325396,0.00852803667736436,-0.00220490550847957,-0.000497204394369169
"96",28,1,"11:55",4,"Male",22,0.00647823185217462,0.00669388931897036,0.00669048607388354,0.000215657466795738,0.000212254221708915
"97",14,1,"18:35",4,"Male",24,0.00735411583474922,0.00772941900647254,0.00814879166088465,0.000375303171723313,0.000794675826135427
"98",20,1,"20:00",4,"Male",22,0.00749899785269886,0.00985671632611365,0.00849174836291172,0.0023577184734148,0.000992750510212864
"99",20,1,"19:45",4,"Male",23,0.00656405456053953,0.00921951838161204,0.00877520208063505,0.00265546382107251,0.00221114752009552
"100",17,1,"20:00",4,"Male",22,0.00551056788006227,0.00484272697751794,0.00530393131166996,-0.000667840902544326,-0.000206636568392314
"101",25,1,"12:10",4,"Female",23,0.00619429659033838,0.00710691336280752,0.00771519720591814,0.000912616772469141,0.00152090061557975
"102",24,1,"20:00",4,"Female",22,0.00648127828589817,0.00734901244349757,0.010517983514959,0.000867734157599398,0.00403670522906086
"103",24,1,"19:55",4,"Female",26,0.00742879830106546,0.0079383345489329,0.00852457647286772,0.000509536247867436,0.00109577817180226
"104",23,1,"19:55",4,"Female",25,0.00605382904428292,0.00779435130936563,0.00869569885324261,0.00174052226508271,0.00264186980895968
"105",25,1,"14:25",4,"Female",22,0.00527533300960183,0.00486601196414608,0.00516070854722066,-0.000409321045455754,-0.00011462446238117
"106",18,2,"20:00",4,"Male",22,NA,NA,0.00745958510933227,NA,NA
"107",21,2,"20:00",4,"Male",23,0.00647996583216498,0.00654713248972916,0.00578380230353384,6.71666575641841e-05,-0.00069616352863114
"108",25,2,"15:25",4,"Male",23,0.00627218743652554,0.00925930605849471,0.00879820231589308,0.00298711862196917,0.00252601487936754
"109",24,2,"17:30",4,"Male",23,0.00741542667031174,0.00750699153756055,0.00765651420048086,9.15648672488124e-05,0.000241087530169115
"110",28,2,"12:10",4,"Male",25,0.00902524107173353,0.00682033556325396,0.00852803667736436,-0.00220490550847957,-0.000497204394369169
"111",29,2,"11:55",4,"Male",22,0.00647823185217462,0.00669388931897036,0.00669048607388354,0.000215657466795738,0.000212254221708915
"112",19,2,"18:35",4,"Male",24,0.00735411583474922,0.00772941900647254,0.00814879166088465,0.000375303171723313,0.000794675826135427
"113",22,2,"20:00",4,"Male",22,0.00749899785269886,0.00985671632611365,0.00849174836291172,0.0023577184734148,0.000992750510212864
"114",22,2,"19:45",4,"Male",23,0.00656405456053953,0.00921951838161204,0.00877520208063505,0.00265546382107251,0.00221114752009552
"115",18,2,"20:00",4,"Male",22,0.00551056788006227,0.00484272697751794,0.00530393131166996,-0.000667840902544326,-0.000206636568392314
"116",24,2,"12:10",4,"Female",23,0.00619429659033838,0.00710691336280752,0.00771519720591814,0.000912616772469141,0.00152090061557975
"117",23,2,"20:00",4,"Female",22,0.00648127828589817,0.00734901244349757,0.010517983514959,0.000867734157599398,0.00403670522906086
"118",24,2,"19:55",4,"Female",26,0.00742879830106546,0.0079383345489329,0.00852457647286772,0.000509536247867436,0.00109577817180226
"119",22,2,"19:55",4,"Female",25,0.00605382904428292,0.00779435130936563,0.00869569885324261,0.00174052226508271,0.00264186980895968
"120",20,2,"14:25",4,"Female",22,0.00527533300960183,0.00486601196414608,0.00516070854722066,-0.000409321045455754,-0.00011462446238117
"121",15,1,"20:00",5,"Male",22,0.0295080403529088,0.0121469629953239,NA,-0.0173610773575849,NA
"122",20,1,"19:10",5,"Male",23,0.00670141755104866,0.00612821440956371,0.00588983752282066,-0.000573203141484949,-0.000811580028227996
"123",23,1,"18:10",5,"Male",23,0.00815710828811524,0.00869180138462632,0.00793928668954455,0.00053469309651108,-0.00021782159857069
"124",22,1,"16:05",5,"Male",23,0.00735605829624258,0.00799784440085249,0.00792308552065309,0.000641786104609916,0.000567027224410514
"125",23,1,"17:10",5,"Male",25,0.00623069286945623,0.0064626592063452,0.00707677690405858,0.000231966336888968,0.000846084034602349
"126",27,1,"18:05",5,"Male",22,0.00758552737935816,0.00737262567464508,0.00662965848355637,-0.000212901704713079,-0.000955868895801788
"127",15,1,"14:10",5,"Male",24,NA,NA,NA,NA,NA
"128",23,1,"19:00",5,"Male",22,0.00632657406470484,0.00749997779724439,0.00736281541366736,0.00117340373253955,0.00103624134896252
"129",24,1,"20:00",5,"Male",23,0.00679048752825319,0.00983074236657974,0.00790493454659614,0.00304025483832655,0.00111444701834295
"130",19,1,"20:00",5,"Male",22,0.00858393004980662,0.00766186912930206,0.00861348117065938,-0.000922060920504557,2.95511208527645e-05
"131",27,1,"12:55",5,"Female",23,0.00681287972000091,0.00831697816134515,0.00822991896611,0.00150409844134424,0.00141703924610908
"132",25,1,"18:35",5,"Female",22,0.00603164696256646,0.00899009200420393,0.0111431298403954,0.00295844504163748,0.00511148287782898
"133",26,1,"19:20",5,"Female",26,0.00685682506144382,0.00685144754978125,0.00762481414826469,-5.37751166257081e-06,0.000767989086820872
"134",23,1,"19:40",5,"Female",25,0.00645222999385738,0.00730260284507166,0.00653159378971369,0.000850372851214278,7.93637958563086e-05
"135",27,1,"12:35",5,"Female",22,0.00476478667352058,0.00554581463081119,0.00546196496446665,0.000781027957290618,0.000697178290946069
"136",17,2,"20:00",5,"Male",22,0.0295080403529088,0.0121469629953239,NA,-0.0173610773575849,NA
"137",21,2,"19:10",5,"Male",23,0.00670141755104866,0.00612821440956371,0.00588983752282066,-0.000573203141484949,-0.000811580028227996
"138",23,2,"18:10",5,"Male",23,0.00815710828811524,0.00869180138462632,0.00793928668954455,0.00053469309651108,-0.00021782159857069
"139",25,2,"16:05",5,"Male",23,0.00735605829624258,0.00799784440085249,0.00792308552065309,0.000641786104609916,0.000567027224410514
"140",27,2,"17:10",5,"Male",25,0.00623069286945623,0.0064626592063452,0.00707677690405858,0.000231966336888968,0.000846084034602349
"141",28,2,"18:05",5,"Male",22,0.00758552737935816,0.00737262567464508,0.00662965848355637,-0.000212901704713079,-0.000955868895801788
"142",21,2,"14:10",5,"Male",24,NA,NA,NA,NA,NA
"143",20,2,"19:00",5,"Male",22,0.00632657406470484,0.00749997779724439,0.00736281541366736,0.00117340373253955,0.00103624134896252
"144",21,2,"20:00",5,"Male",23,0.00679048752825319,0.00983074236657974,0.00790493454659614,0.00304025483832655,0.00111444701834295
"145",17,2,"20:00",5,"Male",22,0.00858393004980662,0.00766186912930206,0.00861348117065938,-0.000922060920504557,2.95511208527645e-05
"146",27,2,"12:55",5,"Female",23,0.00681287972000091,0.00831697816134515,0.00822991896611,0.00150409844134424,0.00141703924610908
"147",22,2,"18:35",5,"Female",22,0.00603164696256646,0.00899009200420393,0.0111431298403954,0.00295844504163748,0.00511148287782898
"148",20,2,"19:20",5,"Female",26,0.00685682506144382,0.00685144754978125,0.00762481414826469,-5.37751166257081e-06,0.000767989086820872
"149",20,2,"19:40",5,"Female",25,0.00645222999385738,0.00730260284507166,0.00653159378971369,0.000850372851214278,7.93637958563086e-05
"150",27,2,"12:35",5,"Female",22,0.00476478667352058,0.00554581463081119,0.00546196496446665,0.000781027957290618,0.000697178290946069
